train_losses,train_accs,val_losses,val_accs
0.7643268014703478,0.6735487731897067,2.902148569957062,0.46017699115044247
0.36412679581415086,0.8647516457211251,0.43900353224715216,0.8489254108723135
0.18934327734722978,0.9308797127468582,0.3523686722958519,0.8685208596713021
0.120538698119067,0.9622980251346499,0.0516390047846653,0.9848293299620733
0.07678274798783519,0.973967684021544,0.024287870906846365,0.9974715549936789
0.06321185278661903,0.9835427887492519,0.1207837923149782,0.9525916561314791
